{
    "b": 0.016313993174061434,
    "a": 0.07447098976109215,
    "s": 0.05215017064846417,
    "k": 0.008054607508532423,
    "e": 0.09747440273037543,
    "t": 0.0738566552901024,
    "l": 0.037406143344709895,
    "i": 0.06498293515358362,
    "n": 0.059726962457337884,
    " ": 0.1649146757679181,
    "d": 0.03781569965870307,
    "c": 0.027849829351535835,
    "m": 0.022525597269624574,
    "r": 0.04996587030716724,
    "j": 0.0008191126279863481,
    "h": 0.041296928327645054,
    "p": 0.017269624573378838,
    "o": 0.05494880546075085,
    "f": 0.01658703071672355,
    "y": 0.014061433447098976,
    "u": 0.021160409556313993,
    "g": 0.020409556313993174,
    "w": 0.01515358361774744,
    "v": 0.007849829351535836,
    "q": 0.0004778156996587031,
    "x": 0.001979522184300341,
    "z": 0.0004778156996587031
}